"In the context of competitive programming, what is the 'Book Allocation Problem'?",An optimization problem where $n$ books with specific page counts must be distributed among $m$ students to minimize the maximum pages any student reads.
What is the primary constraint regarding how books are allocated to students in the Book Allocation Problem?,"The allocation must be contiguous, meaning a student can only be assigned books in a sequence from the array."
How many books must each student receive at minimum in the Book Allocation Problem?,Every student must be allocated at least one book.
"In the Book Allocation Problem, if the array is $[10, 20, 30, 40]$ and $m=2$, what is the result of the partition $[10]$ and $[20, 30, 40]$?","The first student gets 10 pages and the second gets 90 pages, making the maximum pages assigned 90."
"In the Book Allocation Problem, if the array is $[10, 20, 30, 40]$ and $m=2$, what is the result of the partition $[10, 20, 30]$ and $[40]$?","The first student gets 60 pages and the second gets 40 pages, making the maximum pages assigned 60."
What is the specific goal regarding the 'maximum number of pages' in the Book Allocation Problem?,The goal is to find an allocation such that the maximum number of pages assigned to any student is kept as small as possible (minimize the maximum).
Why can the Book Allocation Problem be solved using Binary Search?,"The solution space is monotonic; if it is possible to allocate books with a maximum limit $X$, it is also possible for any limit $Y > X$."
What is the initial 'search space' for the possible answer in the Book Allocation Problem?,The search space ranges from 0 (or the maximum single book size) to the sum of all pages in the array.
"In the Binary Search approach for Book Allocation, what does the `isPossible` function check?",It checks if all $n$ books can be distributed among $m$ students such that no student is assigned more than `mid` pages.
"During Binary Search for Book Allocation, if `isPossible(mid)` returns true, what should be the next step to find the minimum?",Store `mid` as a potential answer and move the search to the left half by setting `end = mid - 1`.
"During Binary Search for Book Allocation, if `isPossible(mid)` returns false, how should the search space be adjusted?",Move the search to the right half by setting `start = mid + 1`.
What is the logic for incrementing the student count inside the `isPossible` function for Book Allocation?,"When the sum of pages for the current student plus the next book exceeds the `mid` value, a new student is required."
"Inside `isPossible` for Book Allocation, what happens if a single book's page count is greater than the `mid` value?",The function must immediately return false as that book cannot be assigned to any student under the current limit.
How does the 'Painter's Partition Problem' relate to the Book Allocation Problem?,"It is essentially the same problem where boards are books, painters are students, and the goal is to minimize the maximum time (board length) assigned."
"In the Painter's Partition Problem, what does '1 unit of board' typically represent in terms of time?",One unit of board is painted in one unit of time by any painter.
What is the 'Aggressive Cows Problem'?,A problem where you must place $k$ cows in $n$ stalls (at given coordinates) such that the minimum distance between any two cows is maximized.
What is the objective in the Aggressive Cows Problem expressed in terms of distance?,The objective is to find the largest possible minimum distance between any two cows.
Why is sorting the stall positions necessary before solving the Aggressive Cows Problem?,Sorting allows us to place cows sequentially and easily calculate the distance between the current cow and the last placed cow.
What constitutes the 'search space' in the Aggressive Cows Problem?,"The distance between cows, ranging from 0 to the difference between the maximum and minimum stall coordinates."
How does the `isPossible` function work for the Aggressive Cows Problem?,"It attempts to place all $k$ cows one by one, ensuring each cow is at least `mid` distance away from the previously placed cow."
"In the Aggressive Cows Problem, where is the first cow always placed to maximize the remaining space?",The first cow is placed at the first available stall (at the minimum coordinate) after the array is sorted.
"During Binary Search for Aggressive Cows, if `isPossible(mid)` is true, what is the next step to maximize the distance?",Store `mid` as a potential answer and move to the right half by setting `start = mid + 1`.
"During Binary Search for Aggressive Cows, if `isPossible(mid)` is false, how is the search space adjusted?",Move to the left half by setting `end = mid - 1` because the current distance limit is too large to accommodate all cows.
What condition must be met to place the 'next' cow in the Aggressive Cows `isPossible` check?,The distance between the current stall position and the position of the last placed cow must be $\ge$ the current `mid` value.
"If the stall positions are $[1, 2, 3, 4, 6]$ and we need to place 2 cows with a minimum distance of 3, is it possible?","Yes, by placing cows at stalls 1 and 4 (distance 3) or 1 and 6 (distance 5)."
"What is the time complexity of the Binary Search approach for the Book Allocation Problem, where $N$ is the number of books and $S$ is the sum of pages?",The time complexity is $O(N \log S)$ because each check in the search space takes $O(N)$ time.
What is the 'Search Space' optimization technique discussed in the lecture?,Defining a range of possible answers and using Binary Search to find the optimal one by checking feasibility at each step.
"In Aggressive Cows, what does 'Largest Minimum Distance' imply about the answer?","Among all possible ways to place cows, find the minimum distance between cows for each way, then select the placement that has the maximum of those minimums."
What happens if the number of students $m$ is greater than the number of books $n$ in the Book Allocation Problem?,"It is impossible to assign at least one book to every student, so the problem would return an error or -1."
"In the Book Allocation problem's `isPossible` function, why is `pageSum` reset to the current book's pages when a new student is added?",Because the current book is the first book being assigned to the new student after the previous student's limit was reached.
What type of function is typically required to apply Binary Search on an answer space?,"A monotonic decision function, often called `isPossible` or `check`."
"In Painter's Partition, if there are 2 painters and boards of lengths $[5, 5, 5, 5]$, what is the minimum time to finish?","10 units of time, by assigning two boards to each painter."
"In Aggressive Cows, if `mid = 5` is possible, why do we check `mid > 5`?","Because we want to maximize the distance, so we search for a larger feasible value in the right part of the search space."
The technique of using Binary Search to find an optimal value in a range is often called _____.,Binary Search on Answer
"In the `isPossible` function for Aggressive Cows, what variable is typically used to keep track of the position of the last cow placed?",A variable like `lastPos` or `lastPlacedCow` initialized to the first stall's position.
"When calculating `mid` to avoid integer overflow, what formula is recommended?",$mid = start + \frac{end - start}{2}$
"In the Book Allocation problem, what does the variable `start` represent at the end of the Binary Search if the answer is not found?","Actually, if a solution exists, the `ans` variable stored during the search will hold the result."
True or False: The Book Allocation problem can be solved by simply dividing the total pages by the number of students.,"False, because book sizes are discrete and must be assigned contiguously."
"In the Aggressive Cows problem, if the search space is $[0, 1, 2, 3, 4, 5]$ and `mid = 3` is possible, what is the new search space?","$[4, 5]$ (after setting `start = mid + 1` and storing 3 as the current answer)."
"In the Book Allocation problem, if all books are of size 10 and there are 4 books and 2 students, what is the minimum maximum pages?",20 pages (each student gets 2 books).
What is the return type of the `isPossible` function in these advanced Binary Search problems?,Boolean (`true` or `false`).
Why is 'Aggressive Cows' considered a 'Min-Max' or 'Max-Min' problem?,Because it asks to maximize a value that is itself a minimum (maximize the minimum distance).
"In Book Allocation, if `isPossible(mid)` is true, why is `mid` saved before moving the `end` pointer?","Because `mid` might be the smallest possible maximum, but we need to check if an even smaller value is feasible."
Concept: Contiguous Subarray,Definition: A sequence of elements from an array that are adjacent to each other without gaps.
"In Aggressive Cows, if stall positions are $[0, 3, 4, 7, 10, 9]$, what must you do first?","Sort the stall positions to $[0, 3, 4, 7, 9, 10]$."
What happens to the search space if `start` becomes greater than `end` in Binary Search?,"The search terminates, and the most recently stored valid answer is returned."
"In Painter's Partition, if boards are $[10, 20, 30, 40]$ and painters $k=2$, what is the result?",60 (the same as the Book Allocation example with identical values).
What is the purpose of the `cowCount` variable in the Aggressive Cows `isPossible` function?,To track how many cows have been successfully placed in stalls given the current distance constraint.
"If the `isPossible` function in Book Allocation reaches the end of the array and the number of students used is $\le m$, what does it return?",It returns true.
Why is the search space for Aggressive Cows maximum distance calculated as `max(stalls) - min(stalls)`?,Because the furthest two cows can possibly be is at the two extreme ends of the stalls.
Term: Search Space,Definition: The range of all possible values from which the optimal answer is to be found.
"In the `isPossible` function for Book Allocation, if `studentCount > m`, what should the function return?",It should return false.
How does Binary Search improve efficiency compared to a linear search on the answer space?,It reduces the number of checks from $O(Range)$ to $O(\log Range)$.
"In the Aggressive Cows problem, if $k=2$ and stalls are at $1$ and $10$, what is the maximum minimum distance?",9.
What is the base case for placing cows in the Aggressive Cows problem?,Always place the first cow at the first sorted stall position to maximize the remaining space for other cows.